Row,A,B,C,D,E,F,G,H,I,J,K,L,M
1,"=IFERROR(IMPORTDATA(L3,"",""),IMPORTDATA(L4,"",""))",ref_cpi_on_dated_date,dated_date,maturity_date,security_term,security_type,int_rate,reopening,inflation_index_security,,,,
2,9128273A8,160.15484,Tue Jul 15 1997 00:00:00 GMT-0700 (Pacific Daylight Time),Mon Jul 15 2002 00:00:00 GMT-0700 (Pacific Daylight Time),5-Year,Note,3.625,No,Yes,,URL base,https://api.fiscaldata.treasury.gov/services/api/fiscal_service/v1/accounting/od/auctions_query?format=csv&sort=maturity_date,
3,9128272M3,158.43548,Wed Jan 15 1997 00:00:00 GMT-0800 (Pacific Standard Time),Mon Jan 15 2007 00:00:00 GMT-0800 (Pacific Standard Time),10-Year,Note,3.375,No,Yes,,Full URL,=L$2&L$6&L$22&L$30,
4,9128273T7,161.55484,Thu Jan 15 1998 00:00:00 GMT-0800 (Pacific Standard Time),Tue Jan 15 2008 00:00:00 GMT-0800 (Pacific Standard Time),10-Year,Note,3.625,No,Yes,,Alt URL,"=""https://api.fiscaldata.treasury.gov/services/api/fiscal_service/v1/accounting/od/tips_cpi_data_summary?sort=maturity_date&format=csv&fields=""&TEXTJOIN("","",TRUE,L7:L16)",
5,9128274Y5,164,Fri Jan 15 1999 00:00:00 GMT-0800 (Pacific Standard Time),Thu Jan 15 2009 00:00:00 GMT-0800 (Pacific Standard Time),10-Year,Note,3.875,No,Yes,,Format,?format=csv,
6,9128275W8,168.24516,Sat Jan 15 2000 00:00:00 GMT-0800 (Pacific Standard Time),Fri Jan 15 2010 00:00:00 GMT-0800 (Pacific Standard Time),10-Year,Note,4.25,No,Yes,,Fields,"=""&fields=""&TEXTJOIN("","",true,L7:L16)","To add unused fields, extend cells in TEXTJOIN"
7,912828CZ1,189.44516,Fri Oct 15 2004 00:00:00 GMT-0700 (Pacific Daylight Time),Thu Apr 15 2010 00:00:00 GMT-0700 (Pacific Daylight Time),5-Year 6-Month,Note,0.875,No,Yes,,,cusip,
8,9128276R8,174.04516,Mon Jan 15 2001 00:00:00 GMT-0800 (Pacific Standard Time),Sat Jan 15 2011 00:00:00 GMT-0800 (Pacific Standard Time),10-Year,Note,3.5,No,Yes,,,ref_cpi_on_dated_date,
9,912828FB1,198.48667,Sat Apr 15 2006 00:00:00 GMT-0700 (Pacific Daylight Time),Fri Apr 15 2011 00:00:00 GMT-0700 (Pacific Daylight Time),5-Year,Note,2.375,No,Yes,,,dated_date,
10,9128277J5,177.56452,Tue Jan 15 2002 00:00:00 GMT-0800 (Pacific Standard Time),Sun Jan 15 2012 00:00:00 GMT-0800 (Pacific Standard Time),10-Year,Note,3.375,No,Yes,,,maturity_date,
11,912828GN4,202.9214,Sun Apr 15 2007 00:00:00 GMT-0700 (Pacific Daylight Time),Sun Apr 15 2012 00:00:00 GMT-0700 (Pacific Daylight Time),5-Year,Note,2,No,Yes,,,security_term,
12,912828AF7,179.8,Mon Jul 15 2002 00:00:00 GMT-0700 (Pacific Daylight Time),Sun Jul 15 2012 00:00:00 GMT-0700 (Pacific Daylight Time),10-Year,Note,3,No,Yes,,,security_type,
13,912828HW3,211.36607,Tue Apr 15 2008 00:00:00 GMT-0700 (Pacific Daylight Time),Mon Apr 15 2013 00:00:00 GMT-0700 (Pacific Daylight Time),5-Year,Note,0.625,No,Yes,,,int_rate,
14,912828BD1,183.66452,Tue Jul 15 2003 00:00:00 GMT-0700 (Pacific Daylight Time),Mon Jul 15 2013 00:00:00 GMT-0700 (Pacific Daylight Time),10-Year,Note,1.875,No,Yes,,,reopening,
15,912828BW9,184.77419,Thu Jan 15 2004 00:00:00 GMT-0800 (Pacific Standard Time),Wed Jan 15 2014 00:00:00 GMT-0800 (Pacific Standard Time),10-Year,Note,2,No,Yes,,,inflation_index_security,
16,912828KM1,211.633,Wed Apr 15 2009 00:00:00 GMT-0700 (Pacific Daylight Time),Tue Apr 15 2014 00:00:00 GMT-0700 (Pacific Daylight Time),5-Year,Note,1.25,No,Yes,,,,
17,912828CP3,188.49677,Thu Jul 15 2004 00:00:00 GMT-0700 (Pacific Daylight Time),Tue Jul 15 2014 00:00:00 GMT-0700 (Pacific Daylight Time),10-Year,Note,2,No,Yes,,Not used,high_yield,
18,912828DH0,190.94516,Sat Jan 15 2005 00:00:00 GMT-0800 (Pacific Standard Time),Thu Jan 15 2015 00:00:00 GMT-0800 (Pacific Standard Time),10-Year,Note,1.625,No,Yes,,,unadj_price,
19,912828MY3,216.7122,Thu Apr 15 2010 00:00:00 GMT-0700 (Pacific Daylight Time),Wed Apr 15 2015 00:00:00 GMT-0700 (Pacific Daylight Time),5-Year,Note,0.5,No,Yes,,,adj_price,
20,912828EA4,194.50968,Fri Jul 15 2005 00:00:00 GMT-0700 (Pacific Daylight Time),Wed Jul 15 2015 00:00:00 GMT-0700 (Pacific Daylight Time),10-Year,Note,1.875,No,Yes,,,auction_date,
21,912828ET3,198.47742,Sun Jan 15 2006 00:00:00 GMT-0800 (Pacific Standard Time),Fri Jan 15 2016 00:00:00 GMT-0800 (Pacific Standard Time),10-Year,Note,2,No,Yes,,,issue_date,
22,912828QD5,220.7298,Fri Apr 15 2011 00:00:00 GMT-0700 (Pacific Daylight Time),Fri Apr 15 2016 00:00:00 GMT-0700 (Pacific Daylight Time),5-Year,Note,0.125,No,Yes,,Filter,"=""&filter=""&TEXTJOIN("","",TRUE,L23:L25)",
23,912828FL9,201.95161,Sat Jul 15 2006 00:00:00 GMT-0700 (Pacific Daylight Time),Fri Jul 15 2016 00:00:00 GMT-0700 (Pacific Daylight Time),10-Year,Note,2.5,No,Yes,,,inflation_index_security:eq:Yes,
24,912828GD6,201.66452,Mon Jan 15 2007 00:00:00 GMT-0800 (Pacific Standard Time),Sun Jan 15 2017 00:00:00 GMT-0800 (Pacific Standard Time),10-Year,Note,2.375,No,Yes,,,reopening:eq:No,"Limits data to less than max 201 rows, to get all TIPS"
25,912828SQ4,227.13073,Sun Apr 15 2012 00:00:00 GMT-0700 (Pacific Daylight Time),Sat Apr 15 2017 00:00:00 GMT-0700 (Pacific Daylight Time),5-Year,Note,0.125,No,Yes,,,,
26,912828GX2,207.25639,Sun Jul 15 2007 00:00:00 GMT-0700 (Pacific Daylight Time),Sat Jul 15 2017 00:00:00 GMT-0700 (Pacific Daylight Time),10-Year,Note,2.625,No,Yes,,Sort,&sort=maturity_date,
27,912828HN3,209.49645,Tue Jan 15 2008 00:00:00 GMT-0800 (Pacific Standard Time),Mon Jan 15 2018 00:00:00 GMT-0800 (Pacific Standard Time),10-Year,Note,1.625,No,Yes,,,,
28,912828UX6,231.16013,Mon Apr 15 2013 00:00:00 GMT-0700 (Pacific Daylight Time),Sun Apr 15 2018 00:00:00 GMT-0700 (Pacific Daylight Time),5-Year,Note,0.125,No,Yes,,page num,Sun Dec 31 1899 00:00:00 GMT-0800 (Pacific Standard Time),
29,912828JE1,215.63997,Tue Jul 15 2008 00:00:00 GMT-0700 (Pacific Daylight Time),Sun Jul 15 2018 00:00:00 GMT-0700 (Pacific Daylight Time),10-Year,Note,1.375,No,Yes,,page size,Tue May 14 1901 00:00:00 GMT-0800 (Pacific Daylight Time),
30,912828JX9,214.69971,Thu Jan 15 2009 00:00:00 GMT-0800 (Pacific Standard Time),Tue Jan 15 2019 00:00:00 GMT-0800 (Pacific Standard Time),10-Year,Note,2.125,No,Yes,,pagination,"=""&page[number]=""&L28&""&page[size]=""&L29",
31,912828C99,234.31967,Tue Apr 15 2014 00:00:00 GMT-0700 (Pacific Daylight Time),Mon Apr 15 2019 00:00:00 GMT-0700 (Pacific Daylight Time),5-Year,Note,0.125,No,Yes,,,,
32,912828LA6,213.51819,Wed Jul 15 2009 00:00:00 GMT-0700 (Pacific Daylight Time),Mon Jul 15 2019 00:00:00 GMT-0700 (Pacific Daylight Time),10-Year,Note,1.875,No,Yes,,,,
33,912828MF4,216.2461,Fri Jan 15 2010 00:00:00 GMT-0800 (Pacific Standard Time),Wed Jan 15 2020 00:00:00 GMT-0800 (Pacific Standard Time),10-Year,Note,1.375,No,Yes,,,,
34,912828K33,234.18067,Wed Apr 15 2015 00:00:00 GMT-0700 (Pacific Daylight Time),Wed Apr 15 2020 00:00:00 GMT-0700 (Pacific Daylight Time),5-Year,Note,0.125,No,Yes,,,,
35,912828NM8,218.08532,Thu Jul 15 2010 00:00:00 GMT-0700 (Pacific Daylight Time),Wed Jul 15 2020 00:00:00 GMT-0700 (Pacific Daylight Time),10-Year,Note,1.25,No,Yes,,,,
36,912828PP9,218.75255,Sat Jan 15 2011 00:00:00 GMT-0800 (Pacific Standard Time),Fri Jan 15 2021 00:00:00 GMT-0800 (Pacific Standard Time),10-Year,Note,1.125,No,Yes,,,,
37,912828Q60,237.007,Fri Apr 15 2016 00:00:00 GMT-0700 (Pacific Daylight Time),Thu Apr 15 2021 00:00:00 GMT-0700 (Pacific Daylight Time),5-Year,Note,0.125,No,Yes,,,,
38,912828QV5,225.38381,Fri Jul 15 2011 00:00:00 GMT-0700 (Pacific Daylight Time),Thu Jul 15 2021 00:00:00 GMT-0700 (Pacific Daylight Time),10-Year,Note,0.625,No,Yes,,,,
39,912828SA9,226.33474,Sun Jan 15 2012 00:00:00 GMT-0800 (Pacific Standard Time),Sat Jan 15 2022 00:00:00 GMT-0800 (Pacific Standard Time),10-Year,Note,0.125,No,Yes,,,,
40,912828X39,243.19553,Sat Apr 15 2017 00:00:00 GMT-0700 (Pacific Daylight Time),Fri Apr 15 2022 00:00:00 GMT-0700 (Pacific Daylight Time),5-Year,Note,0.125,No,Yes,,,,
41,912828TE0,229.96306,Sun Jul 15 2012 00:00:00 GMT-0700 (Pacific Daylight Time),Fri Jul 15 2022 00:00:00 GMT-0700 (Pacific Daylight Time),10-Year,Note,0.125,No,Yes,,,,
42,912828UH1,230.82203,Tue Jan 15 2013 00:00:00 GMT-0800 (Pacific Standard Time),Sun Jan 15 2023 00:00:00 GMT-0800 (Pacific Standard Time),10-Year,Note,0.125,No,Yes,,,,
43,9128284H0,248.39153,Sun Apr 15 2018 00:00:00 GMT-0700 (Pacific Daylight Time),Sat Apr 15 2023 00:00:00 GMT-0700 (Pacific Daylight Time),5-Year,Note,0.625,No,Yes,,,,
44,912828VM9,232.71797,Mon Jul 15 2013 00:00:00 GMT-0700 (Pacific Daylight Time),Sat Jul 15 2023 00:00:00 GMT-0700 (Pacific Daylight Time),10-Year,Note,0.375,No,Yes,,,,
45,912828B25,233.33058,Wed Jan 15 2014 00:00:00 GMT-0800 (Pacific Standard Time),Mon Jan 15 2024 00:00:00 GMT-0800 (Pacific Standard Time),10-Year,Note,0.625,No,Yes,,,,
46,9128286N5,252.20853,Mon Apr 15 2019 00:00:00 GMT-0700 (Pacific Daylight Time),Mon Apr 15 2024 00:00:00 GMT-0700 (Pacific Daylight Time),5-Year,Note,0.5,No,Yes,,,,
47,912828WU0,237.44594,Tue Jul 15 2014 00:00:00 GMT-0700 (Pacific Daylight Time),Mon Jul 15 2024 00:00:00 GMT-0700 (Pacific Daylight Time),10-Year,Note,0.125,No,Yes,,,,
48,912828YL8,256.56513,Tue Oct 15 2019 00:00:00 GMT-0700 (Pacific Daylight Time),Tue Oct 15 2024 00:00:00 GMT-0700 (Pacific Daylight Time),5-Year,Note,0.125,No,Yes,,,,
49,912828H45,236.85403,Thu Jan 15 2015 00:00:00 GMT-0800 (Pacific Standard Time),Wed Jan 15 2025 00:00:00 GMT-0800 (Pacific Standard Time),10-Year,Note,0.25,No,Yes,,,,
50,912810FR4,188.49677,Thu Jul 15 2004 00:00:00 GMT-0700 (Pacific Daylight Time),Wed Jan 15 2025 00:00:00 GMT-0800 (Pacific Standard Time),20-Year 6-Month,Bond,2.375,No,Yes,,,,
51,912828ZJ2,258.30093,Wed Apr 15 2020 00:00:00 GMT-0700 (Pacific Daylight Time),Tue Apr 15 2025 00:00:00 GMT-0700 (Pacific Daylight Time),5-Year,Note,0.125,No,Yes,,,,
52,912828XL9,237.14365,Wed Jul 15 2015 00:00:00 GMT-0700 (Pacific Daylight Time),Tue Jul 15 2025 00:00:00 GMT-0700 (Pacific Daylight Time),10-Year,Note,0.375,No,Yes,,,,
53,91282CAQ4,259.46997,Thu Oct 15 2020 00:00:00 GMT-0700 (Pacific Daylight Time),Wed Oct 15 2025 00:00:00 GMT-0700 (Pacific Daylight Time),5-Year,Note,0.125,No,Yes,,,,
54,912810FS2,198.47742,Sun Jan 15 2006 00:00:00 GMT-0800 (Pacific Standard Time),Thu Jan 15 2026 00:00:00 GMT-0800 (Pacific Standard Time),20-Year,Bond,2,No,Yes,,,,
55,912828N71,237.61129,Fri Jan 15 2016 00:00:00 GMT-0800 (Pacific Standard Time),Thu Jan 15 2026 00:00:00 GMT-0800 (Pacific Standard Time),10-Year,Note,0.625,No,Yes,,,,
56,91282CCA7,262.25027,Thu Apr 15 2021 00:00:00 GMT-0700 (Pacific Daylight Time),Wed Apr 15 2026 00:00:00 GMT-0700 (Pacific Daylight Time),5-Year,Note,0.125,No,Yes,,,,
57,912828S50,239.70132,Fri Jul 15 2016 00:00:00 GMT-0700 (Pacific Daylight Time),Wed Jul 15 2026 00:00:00 GMT-0700 (Pacific Daylight Time),10-Year,Note,0.125,No,Yes,,,,
58,91282CDC2,273.25771,Fri Oct 15 2021 00:00:00 GMT-0700 (Pacific Daylight Time),Thu Oct 15 2026 00:00:00 GMT-0700 (Pacific Daylight Time),5-Year,Note,0.125,No,Yes,,,,
59,912810PS1,201.66452,Mon Jan 15 2007 00:00:00 GMT-0800 (Pacific Standard Time),Fri Jan 15 2027 00:00:00 GMT-0800 (Pacific Standard Time),20-Year,Bond,2.375,No,Yes,,,,
60,912828V49,241.55919,Sun Jan 15 2017 00:00:00 GMT-0800 (Pacific Standard Time),Fri Jan 15 2027 00:00:00 GMT-0800 (Pacific Standard Time),10-Year,Note,0.375,No,Yes,,,,
61,91282CEJ6,282.3464,Fri Apr 15 2022 00:00:00 GMT-0700 (Pacific Daylight Time),Thu Apr 15 2027 00:00:00 GMT-0700 (Pacific Daylight Time),5-Year,Note,0.125,No,Yes,,,,
62,9128282L3,244.61839,Sat Jul 15 2017 00:00:00 GMT-0700 (Pacific Daylight Time),Thu Jul 15 2027 00:00:00 GMT-0700 (Pacific Daylight Time),10-Year,Note,0.375,No,Yes,,,,
63,91282CFR7,296.22858,Sat Oct 15 2022 00:00:00 GMT-0700 (Pacific Daylight Time),Fri Oct 15 2027 00:00:00 GMT-0700 (Pacific Daylight Time),5-Year,Note,1.625,No,Yes,,,,
64,9128283R9,246.66571,Mon Jan 15 2018 00:00:00 GMT-0800 (Pacific Standard Time),Sat Jan 15 2028 00:00:00 GMT-0800 (Pacific Standard Time),10-Year,Note,0.5,No,Yes,,,,
65,912810PV4,209.49645,Tue Jan 15 2008 00:00:00 GMT-0800 (Pacific Standard Time),Sat Jan 15 2028 00:00:00 GMT-0800 (Pacific Standard Time),20-Year,Bond,1.75,No,Yes,,,,
66,912810FD5,161.74,Wed Apr 15 1998 00:00:00 GMT-0700 (Pacific Daylight Time),Sat Apr 15 2028 00:00:00 GMT-0700 (Pacific Daylight Time),30-Year,Bond,3.625,No,Yes,,,,
67,91282CGW5,299.94933,Sat Apr 15 2023 00:00:00 GMT-0700 (Pacific Daylight Time),Sat Apr 15 2028 00:00:00 GMT-0700 (Pacific Daylight Time),5-Year,Note,1.25,No,Yes,,,,
68,912828Y38,251.01658,Sun Jul 15 2018 00:00:00 GMT-0700 (Pacific Daylight Time),Sat Jul 15 2028 00:00:00 GMT-0700 (Pacific Daylight Time),10-Year,Note,0.75,No,Yes,,,,
69,91282CJH5,306.2939,Sun Oct 15 2023 00:00:00 GMT-0700 (Pacific Daylight Time),Sun Oct 15 2028 00:00:00 GMT-0700 (Pacific Daylight Time),5-Year,Note,2.375,No,Yes,,,,
70,912810PZ5,214.69971,Thu Jan 15 2009 00:00:00 GMT-0800 (Pacific Standard Time),Mon Jan 15 2029 00:00:00 GMT-0800 (Pacific Standard Time),20-Year,Bond,2.5,No,Yes,,,,
71,9128285W6,252.50248,Tue Jan 15 2019 00:00:00 GMT-0800 (Pacific Standard Time),Mon Jan 15 2029 00:00:00 GMT-0800 (Pacific Standard Time),10-Year,Note,0.875,No,Yes,,,,
72,912810FH6,164.39333,Thu Apr 15 1999 00:00:00 GMT-0700 (Pacific Daylight Time),Sun Apr 15 2029 00:00:00 GMT-0700 (Pacific Daylight Time),30-Year,Bond,3.875,No,Yes,,,,
73,91282CKL4,309.30787,Mon Apr 15 2024 00:00:00 GMT-0700 (Pacific Daylight Time),Sun Apr 15 2029 00:00:00 GMT-0700 (Pacific Daylight Time),5-Year,Note,2.125,No,Yes,,,,
74,9128287D6,255.79368,Mon Jul 15 2019 00:00:00 GMT-0700 (Pacific Daylight Time),Sun Jul 15 2029 00:00:00 GMT-0700 (Pacific Daylight Time),10-Year,Note,0.25,No,Yes,,,,
75,91282CLV1,314.65561,Tue Oct 15 2024 00:00:00 GMT-0700 (Pacific Daylight Time),Mon Oct 15 2029 00:00:00 GMT-0700 (Pacific Daylight Time),5-Year,Note,1.625,No,Yes,,,,
76,912828Z37,257.28368,Wed Jan 15 2020 00:00:00 GMT-0800 (Pacific Standard Time),Tue Jan 15 2030 00:00:00 GMT-0800 (Pacific Standard Time),10-Year,Note,0.125,No,Yes,,,,
77,91282CNB3,318.32947,Tue Apr 15 2025 00:00:00 GMT-0700 (Pacific Daylight Time),Mon Apr 15 2030 00:00:00 GMT-0700 (Pacific Daylight Time),5-Year,Note,1.625,No,Yes,,,,
78,912828ZZ6,256.39126,Wed Jul 15 2020 00:00:00 GMT-0700 (Pacific Daylight Time),Mon Jul 15 2030 00:00:00 GMT-0700 (Pacific Daylight Time),10-Year,Note,0.125,No,Yes,,,,
79,91282CPH8,323.4671,Wed Oct 15 2025 00:00:00 GMT-0700 (Pacific Daylight Time),Tue Oct 15 2030 00:00:00 GMT-0700 (Pacific Daylight Time),5-Year,Note,1.125,No,Yes,,,,
80,91282CBF7,260.31619,Fri Jan 15 2021 00:00:00 GMT-0800 (Pacific Standard Time),Wed Jan 15 2031 00:00:00 GMT-0800 (Pacific Standard Time),10-Year,Note,0.125,No,Yes,,,,
81,91282CCM1,268.0209,Thu Jul 15 2021 00:00:00 GMT-0700 (Pacific Daylight Time),Tue Jul 15 2031 00:00:00 GMT-0700 (Pacific Daylight Time),10-Year,Note,0.125,No,Yes,,,,
82,91282CDX6,277.20274,Sat Jan 15 2022 00:00:00 GMT-0800 (Pacific Standard Time),Thu Jan 15 2032 00:00:00 GMT-0800 (Pacific Standard Time),10-Year,Note,0.125,No,Yes,,,,
83,912810FQ6,177.5,Mon Oct 15 2001 00:00:00 GMT-0700 (Pacific Daylight Time),Thu Apr 15 2032 00:00:00 GMT-0700 (Pacific Daylight Time),30-Year 6-Month,Bond,3.375,No,Yes,,,,
84,91282CEZ0,290.54829,Fri Jul 15 2022 00:00:00 GMT-0700 (Pacific Daylight Time),Thu Jul 15 2032 00:00:00 GMT-0700 (Pacific Daylight Time),10-Year,Note,0.625,No,Yes,,,,
85,91282CGK1,297.87606,Sun Jan 15 2023 00:00:00 GMT-0800 (Pacific Standard Time),Sat Jan 15 2033 00:00:00 GMT-0800 (Pacific Standard Time),10-Year,Note,1.125,No,Yes,,,,
86,91282CHP9,303.70803,Sat Jul 15 2023 00:00:00 GMT-0700 (Pacific Daylight Time),Fri Jul 15 2033 00:00:00 GMT-0700 (Pacific Daylight Time),10-Year,Note,1.375,No,Yes,,,,
87,91282CJY8,307.391,Mon Jan 15 2024 00:00:00 GMT-0800 (Pacific Standard Time),Sun Jan 15 2034 00:00:00 GMT-0800 (Pacific Standard Time),10-Year,Note,1.75,No,Yes,,,,
88,91282CLE9,313.78329,Mon Jul 15 2024 00:00:00 GMT-0700 (Pacific Daylight Time),Sat Jul 15 2034 00:00:00 GMT-0700 (Pacific Daylight Time),10-Year,Note,1.875,No,Yes,,,,
89,91282CML2,315.58677,Wed Jan 15 2025 00:00:00 GMT-0800 (Pacific Standard Time),Mon Jan 15 2035 00:00:00 GMT-0800 (Pacific Standard Time),10-Year,Note,2.125,No,Yes,,,,
90,91282CNS6,321.09758,Tue Jul 15 2025 00:00:00 GMT-0700 (Pacific Daylight Time),Sun Jul 15 2035 00:00:00 GMT-0700 (Pacific Daylight Time),10-Year,Note,1.875,No,Yes,,,,
91,91282CPU9,324.93471,Thu Jan 15 2026 00:00:00 GMT-0800 (Pacific Standard Time),Tue Jan 15 2036 00:00:00 GMT-0800 (Pacific Standard Time),10-Year,Note,1.875,No,Yes,,,,
92,912810QF8,216.1395,Mon Feb 15 2010 00:00:00 GMT-0800 (Pacific Standard Time),Wed Feb 15 2040 00:00:00 GMT-0800 (Pacific Standard Time),30-Year,Bond,2.125,No,Yes,,,,
93,912810QP6,218.991,Tue Feb 15 2011 00:00:00 GMT-0800 (Pacific Standard Time),Fri Feb 15 2041 00:00:00 GMT-0800 (Pacific Standard Time),30-Year,Bond,2.125,No,Yes,,,,
94,912810QV3,225.96062,Wed Feb 15 2012 00:00:00 GMT-0800 (Pacific Standard Time),Sat Feb 15 2042 00:00:00 GMT-0800 (Pacific Standard Time),30-Year,Bond,0.75,No,Yes,,,,
95,912810RA8,229.911,Fri Feb 15 2013 00:00:00 GMT-0800 (Pacific Standard Time),Sun Feb 15 2043 00:00:00 GMT-0800 (Pacific Standard Time),30-Year,Bond,0.625,No,Yes,,,,
96,912810RF7,233.059,Sat Feb 15 2014 00:00:00 GMT-0800 (Pacific Standard Time),Mon Feb 15 2044 00:00:00 GMT-0800 (Pacific Standard Time),30-Year,Bond,1.375,No,Yes,,,,
97,912810RL4,235.4815,Sun Feb 15 2015 00:00:00 GMT-0800 (Pacific Standard Time),Wed Feb 15 2045 00:00:00 GMT-0800 (Pacific Standard Time),30-Year,Bond,0.75,No,Yes,,,,
98,912810RR1,236.94448,Mon Feb 15 2016 00:00:00 GMT-0800 (Pacific Standard Time),Thu Feb 15 2046 00:00:00 GMT-0800 (Pacific Standard Time),30-Year,Bond,1,No,Yes,,,,
99,912810RW0,241.3925,Wed Feb 15 2017 00:00:00 GMT-0800 (Pacific Standard Time),Fri Feb 15 2047 00:00:00 GMT-0800 (Pacific Standard Time),30-Year,Bond,0.875,No,Yes,,,,
100,912810SB5,246.5965,Thu Feb 15 2018 00:00:00 GMT-0800 (Pacific Standard Time),Sat Feb 15 2048 00:00:00 GMT-0800 (Pacific Standard Time),30-Year,Bond,1,No,Yes,,,,
101,912810SG4,251.6355,Fri Feb 15 2019 00:00:00 GMT-0800 (Pacific Standard Time),Mon Feb 15 2049 00:00:00 GMT-0800 (Pacific Standard Time),30-Year,Bond,1,No,Yes,,,,
102,912810SM1,257.09503,Sat Feb 15 2020 00:00:00 GMT-0800 (Pacific Standard Time),Tue Feb 15 2050 00:00:00 GMT-0800 (Pacific Standard Time),30-Year,Bond,0.25,No,Yes,,,,
103,912810SV1,260.3515,Mon Feb 15 2021 00:00:00 GMT-0800 (Pacific Standard Time),Wed Feb 15 2051 00:00:00 GMT-0800 (Pacific Standard Time),30-Year,Bond,0.125,No,Yes,,,,
104,912810TE8,278.375,Tue Feb 15 2022 00:00:00 GMT-0800 (Pacific Standard Time),Thu Feb 15 2052 00:00:00 GMT-0800 (Pacific Standard Time),30-Year,Bond,0.125,No,Yes,,,,
105,912810TP3,297.254,Wed Feb 15 2023 00:00:00 GMT-0800 (Pacific Standard Time),Sat Feb 15 2053 00:00:00 GMT-0800 (Pacific Standard Time),30-Year,Bond,1.5,No,Yes,,,,
106,912810TY4,306.90376,Thu Feb 15 2024 00:00:00 GMT-0800 (Pacific Standard Time),Sun Feb 15 2054 00:00:00 GMT-0800 (Pacific Standard Time),30-Year,Bond,2.125,No,Yes,,,,
107,912810UH9,315.549,Sat Feb 15 2025 00:00:00 GMT-0800 (Pacific Standard Time),Mon Feb 15 2055 00:00:00 GMT-0800 (Pacific Standard Time),30-Year,Bond,2.375,No,Yes,,,,
108,912810US5,324.088,Sun Feb 15 2026 00:00:00 GMT-0800 (Pacific Standard Time),Tue Feb 15 2056 00:00:00 GMT-0800 (Pacific Standard Time),30-Year,Bond,null,No,Yes,,,,